{
  "Column_0": 0.7752797539869789,
  "Column_1": 113.44955836771987,
  "Column_2": 0.0,
  "Column_3": 0.08909819833934307,
  "Column_4": 2.2846821412676945,
  "Column_5": 7.77639908681158,
  "Column_6": 14.023655721917748,
  "Column_7": 185.19021531008184,
  "Column_8": 6.633186276536435,
  "Column_9": 0.12261420616414398,
  "Column_10": 11.307030132273212,
  "Column_11": 4.693254033103585,
  "Column_12": 12.208593539893627,
  "Column_13": 43.69100380688906,
  "Column_14": 5.974384988221573,
  "Column_15": 18.281891481557977,
  "Column_16": 7.34322151564993,
  "Column_17": 0.11197538825217634,
  "Column_18": 5.295204531401396,
  "Column_19": 6.267960405442864,
  "Column_20": 202.12296182429418,
  "Column_21": 156.51105731885218,
  "Column_22": 1515.5783190308139,
  "Column_23": 439.5135705184657,
  "Column_24": 33.82984557218151,
  "Column_25": 8.401709492085502,
  "Column_26": 73.69196913996711,
  "Column_27": 261.2011032672599,
  "Column_28": 53.8383795004338,
  "Column_29": 3.978410402312875
}