{
  "Column_0": 6.896111816167831,
  "Column_1": 56.09139495447744,
  "Column_2": 2.359999895095825,
  "Column_3": 0.0023660799488425255,
  "Column_4": 14.756883437279612,
  "Column_5": 8.727796345949173,
  "Column_6": 3.161284090951085,
  "Column_7": 673.2266134875827,
  "Column_8": 0.8119991589337587,
  "Column_9": 3.4488655179739,
  "Column_10": 30.297308713546954,
  "Column_11": 2.544112077448517,
  "Column_12": 8.051705835852772,
  "Column_13": 40.70102410193067,
  "Column_14": 6.930290812626481,
  "Column_15": 23.64747771434486,
  "Column_16": 14.387763056904078,
  "Column_17": 2.4382971404120326,
  "Column_18": 9.031009474769235,
  "Column_19": 11.0634116420988,
  "Column_20": 50.36847171979025,
  "Column_21": 170.52487402269617,
  "Column_22": 1368.998174637789,
  "Column_23": 251.70005275169387,
  "Column_24": 21.45448011404369,
  "Column_25": 0.8341577872633934,
  "Column_26": 84.64356521877926,
  "Column_27": 334.7547852738062,
  "Column_28": 10.30807034065947,
  "Column_29": 4.7243208340369165
}